Burgenland	Kärnten	Niederösterreich	Oberösterreich	Salzburg	Steiermark	Tirol	Vorarlberg	Wien	Summe	Timestamp
NULL	NULL	NULL	NULL	NULL	NULL	NULL	NULL	NULL	2	2020-03-05 00:00:00
NULL	NULL	NULL	NULL	NULL	NULL	NULL	NULL	NULL	2	2020-03-06 00:00:00
NULL	NULL	NULL	NULL	NULL	NULL	NULL	NULL	NULL	2	2020-03-07 00:00:00
NULL	NULL	NULL	NULL	NULL	NULL	NULL	NULL	NULL	3	2020-03-08 11:45:00
NULL	NULL	NULL	NULL	NULL	NULL	NULL	NULL	NULL	3	2020-03-09 15:00:00
NULL	NULL	NULL	NULL	NULL	NULL	NULL	NULL	NULL	5	2020-03-10 15:00:00
NULL	NULL	NULL	NULL	NULL	NULL	NULL	NULL	NULL	6	2020-03-11 15:00:00
NULL	NULL	NULL	NULL	NULL	NULL	NULL	NULL	NULL	6	2020-03-12 15:00:00
NULL	NULL	NULL	NULL	NULL	NULL	NULL	NULL	NULL	6	2020-03-13 15:00:00
NULL	NULL	NULL	NULL	NULL	NULL	NULL	NULL	NULL	7	2020-03-14 15:00:00
NULL	NULL	NULL	NULL	NULL	NULL	NULL	NULL	NULL	10	2020-03-15 15:00:00
NULL	NULL	NULL	NULL	NULL	NULL	NULL	NULL	NULL	22	2020-03-16 15:00:00
NULL	NULL	NULL	NULL	NULL	NULL	NULL	NULL	NULL	23	2020-03-17 15:00:00
NULL	NULL	NULL	NULL	NULL	NULL	NULL	NULL	NULL	27	2020-03-18 15:00:00
NULL	NULL	NULL	NULL	NULL	NULL	NULL	NULL	NULL	31	2020-03-19 08:00:00
NULL	NULL	NULL	NULL	NULL	NULL	NULL	NULL	NULL	43	2020-03-20 09:30:00
NULL	NULL	NULL	NULL	NULL	NULL	NULL	NULL	NULL	52	2020-03-21 09:30:00
NULL	NULL	NULL	NULL	NULL	NULL	NULL	NULL	NULL	59	2020-03-22 09:30:00
NULL	NULL	NULL	NULL	NULL	NULL	NULL	NULL	NULL	96	2020-03-23 10:00:00
NULL	NULL	NULL	NULL	NULL	NULL	NULL	NULL	NULL	156	2020-03-24 09:30:00
NULL	NULL	NULL	NULL	NULL	NULL	NULL	NULL	NULL	226	2020-03-25 09:30:00
NULL	NULL	NULL	NULL	NULL	NULL	NULL	NULL	NULL	329	2020-03-26 09:30:00
NULL	NULL	NULL	NULL	NULL	NULL	NULL	NULL	NULL	481	2020-03-27 09:30:00
NULL	NULL	NULL	NULL	NULL	NULL	NULL	NULL	NULL	612	2020-03-28 09:30:00
NULL	NULL	NULL	NULL	NULL	NULL	NULL	NULL	NULL	783	2020-03-29 09:30:00
NULL	NULL	NULL	NULL	NULL	NULL	NULL	NULL	NULL	1005	2020-03-30 09:30:00
NULL	NULL	NULL	NULL	NULL	NULL	NULL	NULL	NULL	1238	2020-03-31 09:30:00
NULL	NULL	NULL	NULL	NULL	NULL	NULL	NULL	NULL	1453	2020-04-01 09:30:00
NULL	NULL	NULL	NULL	NULL	NULL	NULL	NULL	NULL	1749	2020-04-02 09:30:00
NULL	NULL	NULL	NULL	NULL	NULL	NULL	NULL	NULL	2022	2020-04-03 09:30:00
NULL	NULL	NULL	NULL	NULL	NULL	NULL	NULL	NULL	2507	2020-04-04 09:30:00
NULL	NULL	NULL	NULL	NULL	NULL	NULL	NULL	NULL	2998	2020-04-05 09:30:00
NULL	NULL	NULL	NULL	NULL	NULL	NULL	NULL	NULL	3463	2020-04-06 09:30:00
NULL	NULL	NULL	NULL	NULL	NULL	NULL	NULL	NULL	4046	2020-04-07 09:30:00
NULL	NULL	NULL	NULL	NULL	NULL	NULL	NULL	NULL	4512	2020-04-08 09:30:00
81	173	747	1075	432	367	1552	509	304	5240	2020-04-09 09:30:00
112	193	851	1205	524	437	1687	562	493	6064	2020-04-10 09:30:00
119	212	951	1316	630	488	1790	582	516	6604	2020-04-11 09:30:00
120	219	1010	1381	704	512	1901	607	533	6987	2020-04-12 09:30:00
134	227	1088	1483	735	517	1989	619	551	7343	2020-04-13 09:30:00
135	241	1167	1524	762	534	2073	637	560	7633	2020-04-14 09:30:00
148	255	1315	1633	778	617	2134	646	572	8098	2020-04-15 09:30:00
165	269	1415	1714	790	661	2244	654	1074	8986	2020-04-16 09:30:00
167	274	1498	1753	875	717	2374	665	1381	9704	2020-04-17 09:30:00
181	295	1560	1822	875	775	2486	668	1552	10214	2020-04-18 09:30:00
198	302	1560	1847	929	809	2526	715	1615	10501	2020-04-19 09:30:00
200	307	1572	1884	930	816	2556	731	1635	10631	2020-04-20 09:30:00
210	316	1623	1912	949	874	2698	733	1656	10971	2020-04-21 09:30:00
227	331	1685	1944	951	904	2869	740	1677	11328	2020-04-22 09:30:00
226	346	1841	1972	1008	952	2905	745	1699	11694	2020-04-23 09:30:00
230	356	1890	2007	1008	973	2943	749	1716	11872	2020-04-24 09:30:00
235	360	1950	2021	1041	1011	2982	755	1748	12103	2020-04-25 09:30:00
234	364	2026	2022	1057	1059	2997	757	1766	12282	2020-04-26 09:30:00
236	368	2042	2022	1071	1068	3024	759	1772	12362	2020-04-27 09:30:00
242	372	2101	2040	1078	1117	3070	779	1781	12580	2020-04-28 09:30:00
246	378	2141	2051	1081	1155	3151	786	1790	12779	2020-04-29 09:30:00
250	379	2164	2074	1090	1187	3160	795	1808	12907	2020-04-30 09:30:00
255	381	2221	2088	1120	1220	3197	811	1817	13110	2020-05-01 09:30:00
256	381	2238	2102	1115	1235	3207	819	1827	13180	2020-05-02 09:30:00
258	382	2255	2106	1115	1246	3215	824	1827	13228	2020-05-03 09:30:00
261	382	2270	2110	1116	1252	3217	824	1884	13316	2020-05-04 09:30:00
261	383	2310	2115	1119	1300	3244	828	1902	13462	2020-05-05 09:30:00
264	385	2369	2131	1132	1333	3271	826	1928	13639	2020-05-06 09:30:00
269	385	2370	2139	1140	1350	3275	833	1937	13698	2020-05-07 09:30:00
272	386	2394	2151	1142	1380	3284	835	1992	13836	2020-05-08 09:30:00
279	387	2405	2160	1155	1395	3310	838	1999	13928	2020-05-09 09:30:00
282	388	2414	2163	1162	1412	3317	839	2014	13991	2020-05-10 09:30:00
283	389	2418	2169	1162	1423	3317	839	2061	14061	2020-05-11 09:30:00
290	388	2433	2170	1165	1449	3329	843	2081	14148	2020-05-12 09:30:00
297	388	2467	2177	1171	1482	3349	847	2126	14304	2020-05-13 09:30:00
300	389	2487	2177	1175	1504	3360	856	2157	14405	2020-05-14 09:30:00
302	390	2503	2185	1179	1510	3370	856	2176	14471	2020-05-15 09:30:00
308	390	2510	2189	1179	1531	3373	856	2188	14524	2020-05-16 09:30:00
311	390	2512	2187	1183	1543	3382	856	2199	14563	2020-05-17 09:30:00
312	390	2516	2187	1183	1550	3383	856	2237	14614	2020-05-18 09:30:00
316	392	2529	2199	1183	1563	3385	859	2252	14678	2020-05-19 09:30:00
316	393	2557	2200	1183	1574	3393	861	2405	14882	2020-05-20 09:30:00
317	393	2562	2197	1189	1589	3395	862	2447	14951	2020-05-21 09:00:00
318	393	2574	2199	1191	1592	3396	862	2480	15005	2020-05-22 09:00:00
318	395	2583	2202	1192	1599	3396	862	2488	15035	2020-05-23 09:30:00
318	395	2596	2203	1192	1602	3398	864	2495	15063	2020-05-24 09:30:00
320	396	2604	2204	1193	1605	3399	864	2553	15138	2020-05-25 09:30:00
320	397	2621	2207	1193	1613	3404	863	2564	15182	2020-05-26 09:30:00
321	398	2633	2209	1192	1626	3405	863	2581	15228	2020-05-27 09:30:00
324	398	2647	2212	1192	1628	3412	866	2607	15286	2020-05-28 09:30:00
325	398	2654	2212	1193	1638	3416	866	2645	15347	2020-05-29 09:30:00
325	398	2667	2214	1196	1642	3419	866	2793	15520	2020-05-30 09:30:00
325	398	2673	2215	1196	1645	3420	866	2855	15593	2020-05-31 09:30:00
326	398	2673	2215	1197	1646	3420	866	2855	15596	2020-06-01 09:30:00
327	398	2678	2215	1197	1647	3421	867	2879	15629	2020-06-02 09:30:00
328	398	2687	2221	1197	1655	3425	867	2894	15672	2020-06-03 09:30:00
328	398	2695	2225	1198	1661	3426	869	2917	15717	2020-06-04 09:30:00
329	398	2699	2226	1199	1667	3430	867	2927	15742	2020-06-05 09:30:00
329	398	2706	2228	1200	1669	3432	876	2951	15789	2020-06-06 09:00:00
329	398	2707	2229	1200	1670	3433	876	2951	15793	2020-06-07 09:30:00
329	399	2707	2230	1200	1678	3434	876	2986	15839	2020-06-08 09:30:00
331	400	2717	2231	1200	1683	3436	876	3001	15875	2020-06-09 09:30:00
332	401	2725	2231	1200	1686	3436	878	3021	15910	2020-06-10 09:30:00
332	401	2742	2232	1201	1686	3436	878	3041	15949	2020-06-11 09:00:00
332	401	2746	2232	1201	1688	3437	880	3068	15985	2020-06-12 09:30:00
329	401	2750	2232	1201	1690	3437	881	3091	16012	2020-06-13 09:30:00
329	401	2750	2233	1201	1690	3438	881	3136	16059	2020-06-14 09:30:00
329	401	2750	2234	1201	1689	3438	881	3143	16066	2020-06-15 09:30:00
329	401	2753	2235	1201	1690	3440	882	3158	16089	2020-06-16 09:30:00
329	402	2754	2235	1201	1688	3440	882	3168	16099	2020-06-17 09:30:00
330	402	2756	2238	1202	1661	3441	882	3189	16101	2020-06-18 09:30:00
329	402	2761	2240	1202	1661	3442	888	3216	16141	2020-06-19 09:30:00
329	402	2765	2249	1202	1672	3443	889	3224	16175	2020-06-20 09:30:00
329	402	2767	2250	1202	1672	3443	889	3243	16197	2020-06-21 09:30:00
330	402	2769	2250	1201	1672	3443	889	3285	16241	2020-06-22 09:30:00
331	402	2777	2254	1201	1673	3444	889	3290	16261	2020-06-23 09:30:00
331	402	2778	2256	1201	1673	3444	889	3308	16282	2020-06-24 09:30:00
332	402	2783	2263	1201	1676	3444	889	3330	16320	2020-06-25 09:30:00
332	402	2789	2264	1201	1676	3444	890	3350	16348	2020-06-26 09:30:00
332	402	2794	2269	1201	1677	3444	891	3361	16371	2020-06-27 09:30:00
332	402	2795	2270	1201	1680	3444	891	3386	16401	2020-06-28 09:30:00
332	402	2797	2270	1200	1680	3444	891	3404	16420	2020-06-29 09:30:00
333	402	2809	2271	1201	1681	3444	891	3446	16478	2020-06-30 09:30:00
333	402	2811	2272	1201	1681	3445	891	3455	16491	2020-07-01 09:30:00
333	402	2812	2274	1203	1685	3447	891	3467	16514	2020-07-02 09:30:00
336	402	2813	2276	1205	1685	3447	892	3502	16558	2020-07-03 09:30:00
336	404	2818	2282	1211	1685	3447	891	3533	16607	2020-07-04 09:30:00
337	404	2819	2285	1211	1688	3447	891	3533	16615	2020-07-05 09:30:00
337	404	2826	2287	1212	1688	3447	891	3555	16647	2020-07-06 09:30:00
337	407	2831	2295	1213	1688	3448	891	3576	16686	2020-07-07 09:30:00
338	408	2835	2306	1216	1688	3448	891	3591	16721	2020-07-08 09:30:00
338	410	2844	2317	1219	1689	3448	893	3600	16758	2020-07-09 09:30:00
338	412	2855	2326	1218	1690	3449	895	3625	16808	2020-07-10 09:30:00
338	413	2866	2345	1217	1698	3449	895	3643	16864	2020-07-11 09:30:00
339	413	2872	2385	1219	1698	3449	895	3682	16952	2020-07-12 09:30:00
340	413	2874	2415	1222	1698	3449	895	3694	17000	2020-07-13 09:30:00
343	413	2877	2439	1229	1698	3457	896	3721	17073	2020-07-14 09:30:00
347	415	2881	2487	1234	1708	3462	896	3745	17175	2020-07-15 09:30:00
347	415	2884	2522	1234	1711	3466	897	3768	17244	2020-07-16 09:30:00
352	415	2888	2559	1238	1715	3467	897	3804	17335	2020-07-17 09:30:00
355	416	2892	2652	1239	1717	3476	897	3857	17501	2020-07-18 09:30:00
355	418	2893	2681	1241	1738	3476	897	3900	17599	2020-07-19 09:30:00
355	420	2899	2710	1241	1738	3477	898	3921	17659	2020-07-20 09:30:00
356	421	2904	2763	1213	1738	3481	899	3941	17716	2020-07-21 09:30:00
358	423	2909	2824	1217	1764	3485	899	3970	17849	2020-07-22 09:30:00
359	424	2924	2864	1219	1767	3486	899	4001	17943	2020-07-23 09:30:00
360	425	2930	2905	1222	1775	3490	900	4035	18042	2020-07-24 09:30:00
360	430	2935	2949	1224	1777	3497	900	4052	18124	2020-07-25 09:30:00
362	430	2936	2978	1226	1786	3500	901	4090	18209	2020-07-26 09:30:00
363	430	2937	2988	1229	1786	3503	901	4109	18246	2020-07-27 09:30:00
363	431	2971	3032	1232	1791	3510	902	4147	18379	2020-07-28 09:30:00
368	431	2981	3089	1235	1810	3519	902	4193	18528	2020-07-29 09:30:00
366	434	2989	3123	1245	1821	3524	902	4224	18628	2020-07-30 09:30:00
373	435	3004	3151	1251	1829	3531	903	4281	18758	2020-07-31 09:30:00
375	436	3025	3191	1259	1848	3538	906	4333	18911	2020-08-01 09:30:00
375	436	3040	3211	1262	1852	3540	913	4355	18984	2020-08-02 09:30:00
375	436	3053	3235	1265	1852	3541	913	4393	19063	2020-08-03 09:30:00
377	437	3087	3416	1265	1860	3547	922	4425	19336	2020-08-04 09:30:00
379	441	3102	3445	1282	1877	3554	925	4459	19464	2020-08-05 09:30:00
385	442	3126	3461	1296	1880	3556	928	4522	19596	2020-08-06 09:30:00
386	443	3142	3497	1299	1886	3558	930	4549	19690	2020-08-07 09:30:00
386	443	3172	3529	1300	1892	3562	937	4591	19812	2020-08-08 09:30:00
393	444	3183	3553	1302	1895	3563	939	4651	19923	2020-08-09 09:30:00
396	445	3195	3590	1305	1895	3564	942	4678	20010	2020-08-10 09:30:00
397	448	3218	3609	1316	1901	3578	942	4714	20123	2020-08-11 09:30:00
397	452	3242	3609	1328	1907	3595	943	4795	20268	2020-08-12 09:30:00
401	455	3256	3634	1331	1911	3596	946	4816	20346	2020-08-13 09:30:00
407	458	3274	3652	1333	1934	3601	946	4894	20499	2020-08-14 09:30:00
408	463	3282	3676	1337	1939	3604	946	4972	20627	2020-08-15 09:30:00
410	468	3286	3694	1339	1939	3608	948	4989	20681	2020-08-16 09:30:00
410	470	3288	3714	1341	1939	3608	955	5040	20765	2020-08-17 09:30:00
410	475	3304	3734	1345	1952	3612	955	5083	20870	2020-08-18 09:30:00
411	480	3331	3751	1347	1953	3620	958	5107	20958	2020-08-19 09:30:00
412	494	3339	3767	1355	1953	3640	959	5174	21093	2020-08-20 09:30:00
412	495	3352	3804	1361	1968	3651	959	5258	21260	2020-08-21 09:30:00
414	505	3385	3834	1369	1973	3675	966	5285	21406	2020-08-22 09:30:00
417	521	3400	3862	1372	1976	3680	970	5360	21558	2020-08-23 09:30:00
418	523	3422	3895	1372	1976	3685	971	5395	21657	2020-08-24 09:30:00
420	554	3447	3949	1374	1988	3719	971	5466	21888	2020-08-25 09:30:00
420	564	3467	3993	1391	2015	3758	980	5557	22145	2020-08-26 09:30:00
422	572	3497	4031	1396	2028	3783	990	5598	22317	2020-08-27 09:30:00
425	581	3525	4061	1423	2058	3821	990	5710	22594	2020-08-28 09:30:00
430	584	3548	4134	1440	2062	3832	995	5841	22866	2020-08-29 09:30:00
432	588	3561	4181	1461	2068	3852	1000	5927	23070	2020-08-30 09:30:00
432	592	3581	4228	1470	2068	3858	1000	5997	23226	2020-08-31 09:30:00
440	598	3609	4262	1472	2111	3925	1005	6143	23565	2020-09-01 09:30:00
445	604	3653	4300	1472	2120	3977	1024	6225	23820	2020-09-02 09:30:00
450	609	3712	4331	1485	2139	3994	1039	6412	24171	2020-09-03 09:30:00
453	610	3746	4370	1494	2164	4047	1045	6584	24513	2020-09-04 09:30:00
457	613	3772	4438	1524	2181	4067	1051	6725	24828	2020-09-05 09:30:00
458	618	3791	4484	1525	2187	4097	1059	6824	25043	2020-09-06 09:30:00
458	625	3832	4519	1545	2187	4150	1064	6920	25300	2020-09-07 09:30:00
460	630	3864	4569	1586	2257	4188	1068	7007	25629	2020-09-08 09:30:00
464	632	3918	4592	1583	2273	4216	1079	7007	25764	2020-09-09 09:30:00
474	632	3958	4624	1592	2292	4254	1080	7137	26043	2020-09-10 09:30:00
478	634	3980	4651	1610	2315	4295	1087	7207	26257	2020-09-11 09:30:00
488	636	4010	4681	1611	2338	4316	1089	7410	26579	2020-09-12 09:30:00
495	639	4047	4709	1618	2345	4357	1088	7462	26760	2020-09-13 09:30:00
498	640	4077	4731	1618	2346	4370	1101	7629	27010	2020-09-14 09:30:00
508	641	4137	4768	1646	2397	4445	1101	7711	27354	2020-09-15 09:30:00
509	645	4176	4811	1654	2422	4474	1113	7851	27655	2020-09-16 09:30:00
517	649	4209	4839	1656	2448	4557	1115	8054	28044	2020-09-17 09:30:00
522	655	4275	4868	1660	2465	4632	1124	8250	28451	2020-09-18 09:30:00
529	656	4362	4948	1686	2491	4697	1137	8455	28961	2020-09-19 09:30:00
542	662	4415	5007	1689	2504	4741	1150	8519	29229	2020-09-20 09:30:00
543	671	4495	5051	1691	2506	4812	1153	8594	29516	2020-09-21 09:30:00
555	680	4603	5140	1709	2557	4950	1184	8934	30312	2020-09-22 09:30:00
565	680	4698	5218	1718	2605	5058	1215	9192	30949	2020-09-23 09:30:00
570	695	4793	5287	1751	2643	5107	1236	9579	31661	2020-09-24 09:30:00
583	702	4924	5346	1767	2670	5184	1281	9844	32301	2020-09-25 09:30:00
597	714	5062	5432	1797	2720	5235	1309	10288	33154	2020-09-26 09:30:00
606	726	5151	5515	1813	2731	5275	1335	10437	33589	2020-09-27 09:30:00
612	735	5241	5608	1838	2732	5320	1366	10600	34052	2020-09-28 09:30:00
616	735	5386	5706	1878	2778	5427	1390	11000	34916	2020-09-29 09:30:00
630	759	5481	5772	1891	2856	5509	1427	11319	35644	2020-09-30 09:30:00
642	770	5622	5854	1921	2912	5581	1489	11685	36476	2020-10-01 09:30:00
664	782	5753	5925	1941	2943	5625	1527	12026	37186	2020-10-02 09:30:00
683	790	5903	6016	1981	2987	5673	1554	12458	38045	2020-10-03 09:30:00
687	811	5981	6073	2002	3024	5699	1575	12777	38629	2020-10-04 09:30:00
698	824	6070	6118	2014	3037	5714	1634	12949	39058	2020-10-05 09:30:00
705	844	6216	6228	2052	3097	5806	1688	13154	39790	2020-10-06 09:30:00
722	863	6299	6300	2077	3154	5864	1761	13459	40499	2020-10-07 09:30:00
723	879	6404	6378	2113	3192	5915	1795	13890	41289	2020-10-08 09:30:00
746	892	6540	6482	2146	3228	5992	1814	14199	42039	2020-10-09 09:30:00
770	913	6697	6594	2169	3262	6083	1845	14496	42829	2020-10-10 09:30:00
790	926	6813	6718	2195	3268	6111	1852	14775	43448	2020-10-11 09:30:00
810	939	6927	6780	2206	3275	6251	1860	15017	44065	2020-10-12 09:30:00
824	957	7097	6917	2252	3335	6334	1908	15325	44949	2020-10-13 09:30:00
842	1000	7242	7034	2281	3417	6436	1942	15652	45846	2020-10-14 09:30:00
872	994	7410	7150	2350	3466	6529	1973	16054	46798	2020-10-15 09:30:00
893	1016	7548	7264	2388	3534	6631	2024	16320	47618	2020-10-16 09:30:00
922	1047	7776	7452	2444	3551	6738	2047	16794	48771	2020-10-17 09:30:00
944	1066	7913	7559	2510	3626	6847	2053	17043	49561	2020-10-18 09:30:00
976	1088	8046	7720	2540	3628	6950	2053	17358	50359	2020-10-19 09:30:00
997	1145	8141	7906	2599	3685	7070	2107	17757	51407	2020-10-20 09:30:00
1033	1177	8283	8096	2700	3815	7202	2127	18184	52617	2020-10-21 09:30:00
1072	1217	8407	8230	2805	3892	7374	2176	18797	53970	2020-10-22 09:30:00
1095	1259	8586	8394	2931	3967	7554	2220	19189	55195	2020-10-23 09:30:00
1147	1315	8904	8654	3022	4030	7778	2241	19700	56791	2020-10-24 09:30:00
1173	1349	8964	8876	3116	4098	8032	2255	19995	57858	2020-10-25 09:30:00
1222	1378	9138	9101	3210	4190	8212	2263	20322	59036	2020-10-26 09:30:00
1238	1416	9374	9355	3396	4267	8370	2264	20628	60308	2020-10-27 09:30:00
1272	1489	9565	9578	3513	4340	8599	2298	21030	61684	2020-10-28 09:30:00
1306	1543	9772	9783	3621	4538	8929	2364	21510	63366	2020-10-29 09:30:00
1325	1558	10228	10170	3669	4599	9260	2388	21790	64987	2020-10-30 09:30:00
1382	1639	10414	10744	3848	4747	9531	2532	22389	67226	2020-10-31 09:30:00
1430	1703	10661	11164	4029	4870	9861	2798	22820	69336	2020-11-01 09:30:00
1465	1806	11131	11727	4162	4894	10261	3159	23086	71691	2020-11-02 09:30:00
1516	1893	11349	12506	4424	5360	10542	3283	23419	74292	2020-11-03 09:30:00
1595	1942	11720	13152	4570	5397	11006	3721	23933	77036	2020-11-04 09:30:00
1645	2049	12402	13887	4755	5652	11401	4221	24592	80604	2020-11-05 09:30:00
1737	2138	12605	14545	4903	6007	11872	4500	25400	83707	2020-11-06 09:30:00
1880	2278	13525	15647	5183	6326	12353	4904	26177	88273	2020-11-07 12:30:00
2001	2502	13999	16625	5410	6385	12839	5095	26863	91719	2020-11-08 09:30:00
2001	2502	13999	16625	5410	6385	12839	5095	26863	91719	2020-11-08 11:00:00
2082	2713	14295	17746	5568	6501	13001	5364	27357	94627	2020-11-09 09:30:00
2191	2926	14843	18849	5961	6557	13866	5657	27813	98663	2020-11-10 09:30:00
2358	3158	15875	19830	6255	7397	14362	5918	28606	103759	2020-11-11 09:30:00
2513	3319	16242	21047	6659	7724	14859	6085	29427	107875	2020-11-12 09:30:00
2634	3738	16948	22402	7146	8192	14883	6452	30333	112728	2020-11-13 09:30:00
2828	3995	18397	23899	7146	8668	16343	6854	31285	119415	2020-11-14 09:30:00
2945	4485	19328	25376	7886	8887	17188	7423	32156	125674	2020-11-15 09:30:00
3088	4485	19660	26853	8244	9028	17701	7878	32734	129671	2020-11-16 09:30:00
3277	5151	21051	28759	8650	9771	18016	8248	33564	136487	2020-11-17 09:30:00
3595	5413	21425	30458	9164	10494	19225	8555	34409	142738	2020-11-18 09:30:00
3851	5642	22297	31965	9696	11520	20115	8815	35640	149541	2020-11-19 09:30:00
4059	6005	23673	33572	10223	12295	21014	9152	36490	156483	2020-11-20 09:30:00
4300	6427	24133	35172	10687	13075	21938	9422	37597	162751	2020-11-21 09:30:00
4555	7158	25106	37241	11037	13371	22728	9945	38119	169260	2020-11-22 09:30:00
4757	7859	26161	39057	11342	13730	23418	10373	38830	175527	2020-11-23 09:30:00
4961	8428	26708	40714	12256	14745	24115	10909	39784	182620	2020-11-24 09:30:00
5116	8921	27639	41617	12829	15704	24736	11285	41212	189059	2020-11-25 09:30:00
5255	9203	28849	42752	13344	16374	25452	11750	43363	196342	2020-11-26 09:30:00
5441	9803	29271	44169	13937	17172	26180	12013	45265	203251	2020-11-27 09:30:00
5597	10333	30269	46154	14388	17848	27161	12351	46596	210697	2020-11-28 09:30:00
5793	10780	31664	47563	14943	18155	27840	12558	47702	216998	2020-11-29 09:30:00
5922	11107	31922	49040	15823	18531	28480	12660	48207	221692	2020-11-30 09:30:00
6051	11561	32800	50311	16187	19351	29140	13189	48907	227497	2020-12-01 09:30:00
6168	12088	33854	51315	16747	19937	29702	13724	50122	233657	2020-12-02 09:30:00
6302	12355	34613	52106	17038	20486	30193	13724	51310	238127	2020-12-03 09:30:00
6462	12715	35334	53042	17427	21098	30902	14205	52590	243775	2020-12-04 09:30:00
6566	13182	36777	54031	17827	21709	31354	14481	53514	249441	2020-12-05 09:30:00
6688	13487	37122	54793	18214	22011	31872	14579	53999	252765	2020-12-06 09:30:00
6817	13973	37634	55631	18605	22353	32344	14876	54578	256811	2020-12-07 09:30:00
6953	14421	38854	56643	19048	23518	32721	15073	55083	262314	2020-12-08 09:30:00
7084	14797	39110	57076	19357	24020	33197	15205	55969	265815	2020-12-09 09:30:00
7187	14969	39690	57651	19742	24783	33489	15326	56828	269665	2020-12-10 09:30:00
7269	15246	40248	58258	20458	25325	33808	15447	57444	273503	2020-12-11 09:30:00
7408	15567	40882	58857	20897	26430	34135	15581	58126	277883	2020-12-12 09:30:00
7481	15891	41482	59471	21192	26709	34405	15728	58747	281106	2020-12-13 09:30:00
7601	16151	42214	60088	21410	27109	34658	15830	59113	284174	2020-12-14 09:30:00
7683	16385	42517	60639	21617	28077	35109	15945	59778	287750	2020-12-15 09:30:00
7776	16567	43092	61107	21822	28765	35439	16143	60331	291042	2020-12-16 09:30:00
7886	16709	43573	61427	22048	29561	35722	16304	61085	294315	2020-12-17 09:30:00
7989	16921	44049	61832	22276	30191	36014	16453	61699	297424	2020-12-18 09:30:00
8083	17122	44558	62354	22523	30869	36227	16607	62268	300611	2020-12-19 09:30:00
8129	17320	44998	62812	22735	31463	36422	16700	62634	303213	2020-12-20 09:30:00
8182	17525	45359	63411	22937	31710	36633	16825	63076	305658	2020-12-21 09:30:00
8217	17795	45878	64160	23120	32707	36860	17420	63438	309595	2020-12-22 09:30:00
8285	18121	46476	64726	23387	33273	37115	17554	63984	312921	2020-12-23 09:30:00
8356	18342	47126	65133	23679	33680	37317	17671	64648	315952	2020-12-24 09:30:00
8399	18523	47564	65638	23789	33835	37483	17749	65174	318154	2020-12-25 09:30:00
8453	18676	48123	66019	23993	34167	37665	17905	65752	320753	2020-12-26 09:30:00
8528	18820	48435	66422	24115	34613	37822	18003	66244	323002	2020-12-27 09:30:00
8585	18961	48791	66747	24609	36367	37973	18133	66602	326768	2020-12-28 09:30:00
8650	19117	49182	67065	24780	36845	38176	18231	66928	328974	2020-12-29 09:30:00
8721	19240	49588	67379	25009	37114	38328	18348	67263	330990	2020-12-30 09:30:00
8791	19345	49808	67688	25133	37419	38498	18494	67776	332952	2020-12-31 09:30:00
8804	19517	50115	67952	25310	37664	38670	18652	68217	334901	2021-01-01 09:30:00
8888	19698	50543	68344	25453	37663	38881	18794	68658	336922	2021-01-02 09:30:00
8946	19909	50936	68764	25683	37662	39071	18907	68953	338831	2021-01-03 09:30:00
8986	20010	51291	69092	25809	37662	39203	19023	69197	340273	2021-01-04 09:30:00
9035	20102	51568	69345	26073	38891	39356	19114	69555	343039	2021-01-05 09:30:00
9117	20124	51847	69689	26280	39265	39542	19189	69921	344974	2021-01-06 09:30:00
9180	20318	52102	69857	26533	39482	39686	19329	70414	346901	2021-01-07 09:30:00
9243	20522	52373	70262	26882	39774	39922	19432	70805	349215	2021-01-08 09:30:00
9334	20709	52819	70660	27263	39774	40123	19594	71106	351382	2021-01-09 09:30:00
9385	20885	53254	70997	27554	40321	40298	19723	71332	353749	2021-01-10 09:30:00
9452	20992	53642	71237	27812	40464	40514	19843	71574	355530	2021-01-11 09:30:00
9518	21106	54026	71488	28063	40834	40696	19958	71873	357562	2021-01-12 09:30:00
9574	21212	54287	71806	28419	41160	40868	20057	72309	359692	2021-01-13 09:30:00
9625	21974	54642	72650	28639	41435	41042	20186	72738	362931	2021-01-14 09:30:00
9677	22200	54999	73063	28883	41759	41255	20299	73079	365214	2021-01-15 09:30:00
9731	22433	55696	73466	29131	42092	41436	20444	73356	367785	2021-01-16 09:30:00
9768	22602	55876	73740	29288	42308	41571	20555	73510	369218	2021-01-17 09:30:00
9826	22732	56167	74057	29443	42547	41710	20651	73732	370865	2021-01-18 09:30:00
9890	22895	56642	74379	29659	42831	41885	20734	74175	373090	2021-01-19 09:30:00
9900	23001	56971	74578	29833	43078	42006	20840	74617	374824	2021-01-20 09:30:00
9953	23122	57221	74787	29955	43294	42113	20918	74997	376360	2021-01-21 09:30:00
10009	23255	57464	75054	30532	43518	42239	21001	75336	378408	2021-01-22 09:30:00
10106	23405	57857	75299	30704	43749	42354	21106	75668	380248	2021-01-23 09:30:00
10145	23513	58157	75484	30875	43874	42457	21179	75970	381654	2021-01-24 09:30:00
10176	23609	58492	75746	31002	44072	42537	21253	76313	383200	2021-01-25 09:30:00
10266	23729	58666	76082	31167	44342	42667	21333	76674	384926	2021-01-26 09:30:00
10374	23903	59281	76397	31434	44692	42859	21475	77372	387787	2021-01-28 09:30:00
10416	24058	59582	76640	31625	44872	42999	21541	77743	389476	2021-01-29 09:30:00
10453	24182	59882	76915	31805	45079	43131	21605	78024	391076	2021-01-30 09:30:00
10483	24308	60163	77151	31966	45264	43238	21705	78219	392497	2021-01-31 09:30:00
10515	24434	60352	77390	32102	45426	43331	21773	78424	393747	2021-02-01 09:30:00
10603	24553	60626	77608	32301	45639	43474	21824	78688	395316	2021-02-02 09:30:00
10656	24643	60861	77745	32438	45829	43615	21887	79035	396709	2021-02-03 09:30:00
10675	24709	60989	77865	32566	46027	43780	21944	79355	397910	2021-02-04 09:30:00
10715	24819	61200	78088	32770	46207	43885	22008	79637	399329	2021-02-05 09:30:00
10753	24935	61530	78301	32907	46430	44019	22065	79911	400851	2021-02-06 09:30:00
10789	25013	61769	78457	33024	46646	44133	22129	80093	402053	2021-02-07 09:30:00
10821	25118	62035	78650	33141	46798	44239	22181	80319	403302	2021-02-08 09:30:00
10851	25203	62290	78842	33320	46986	44355	22246	80583	404676	2021-02-09 09:30:00
10894	25294	62505	78981	33407	47178	44481	22286	80895	405921	2021-02-10 09:30:00
10921	25365	62706	79113	33535	47346	44608	22351	81210	407155	2021-02-11 09:30:00
10950	25503	62879	79269	33696	47583	44705	22390	81451	408426	2021-02-12 09:30:00
10995	25633	63177	79433	33805	47799	44844	22459	81732	409877	2021-02-13 09:30:00
11032	25730	63482	79611	33900	48006	44939	22515	81984	411199	2021-02-14 09:30:00
11070	25823	63738	79823	33998	48195	45034	22568	82208	412457	2021-02-15 09:30:00
11133	25931	64039	80041	34108	48444	45135	22612	82465	413908	2021-02-16 09:30:00
11178	26010	64308	80193	34213	48631	45252	22671	82765	415221	2021-02-17 09:30:00
11213	26068	64532	80339	34317	48849	45350	22703	83060	416431	2021-02-18 09:30:00
11255	26167	64745	80520	34470	49055	45435	22749	83258	417654	2021-02-19 09:30:00
11315	26296	65119	80735	34547	49293	45532	22816	83630	419283	2021-02-20 09:30:00
11340	26397	65488	80881	34651	49453	45620	22862	83817	420509	2021-02-21 09:30:00
11386	26516	65793	81092	34737	49655	45704	22896	84032	421811	2021-02-22 09:30:00
11415	26627	66007	81257	34818	49906	45792	22957	84235	423014	2021-02-23 09:30:00
11464	26713	66259	81422	34873	50124	45868	22998	84627	424348	2021-02-24 09:30:00
11508	26787	66469	81612	34923	50342	45956	23035	85154	425786	2021-02-25 09:30:00
11551	26927	66701	81823	35040	50579	46033	23083	85520	427257	2021-02-26 09:30:00
11620	27058	67237	82011	35143	50824	46117	23127	85767	428904	2021-02-27 09:30:00
11666	27182	67496	82291	35234	51083	46230	23159	86074	430415	2021-02-28 09:30:00
11701	27316	67900	82567	35318	51265	46304	23199	86446	432016	2021-03-01 09:30:00
11748	27446	68352	82820	35417	51636	46410	23199	86845	433873	2021-03-02 09:30:00
11825	27540	68751	83073	35546	51903	46516	23261	87254	435669	2021-03-03 09:30:00
11881	27623	69037	83321	35638	52212	46590	23287	87613	437202	2021-03-04 09:30:00
11934	27779	69422	83559	35801	52461	46721	23319	88105	439101	2021-03-05 09:30:00
12010	27926	70009	83875	35931	52788	46855	23375	88540	441309	2021-03-06 09:30:00
12092	28075	70476	84179	36087	53077	46953	23413	88800	443152	2021-03-07 09:30:00
12122	28266	70940	84530	36210	53325	47045	23446	89148	445032	2021-03-08 09:30:00
12170	28403	71392	84825	36361	53565	47158	23486	89681	447041	2021-03-09 09:30:00
12214	28500	71880	85068	36490	53809	47272	23546	90274	449053	2021-03-10 09:30:00
12289	28582	72269	85315	36635	54062	47396	23579	90735	450862	2021-03-11 09:30:00
12354	28782	72633	85588	36824	54252	47528	23613	91504	453078	2021-03-12 09:30:00
12436	28945	73245	85912	36970	54453	47651	23655	92004	455271	2021-03-13 09:30:00
12497	29112	73772	86314	37116	54652	47762	23710	92331	457266	2021-03-14 09:30:00
12567	29289	74314	86675	37285	54855	47906	23772	92625	459288	2021-03-15 09:30:00
12666	29432	74895	87017	37503	55088	48021	23800	93315	461737	2021-03-16 09:30:00
12745	29526	75402	87370	37648	55282	48144	23832	93765	463714	2021-03-17 09:30:00
12879	29591	75805	87623	37790	55559	48292	23866	94579	465984	2021-03-18 09:30:00
12935	29781	76337	87967	38021	55813	48418	23900	95103	468275	2021-03-19 09:30:00
13056	29953	77004	88383	38169	56102	48473	23842	95702	470684	2021-03-20 09:30:00
13171	30120	77651	88788	38262	56400	48721	23959	96285	473357	2021-03-21 09:30:00
13241	30262	78013	89192	38339	56691	48860	23970	96659	475227	2021-03-22 09:30:00
13340	30463	78780	89593	38516	57002	49046	23995	97205	477940	2021-03-23 09:30:00
13474	30577	79292	90007	38678	57349	49243	24022	97955	480597	2021-03-24 09:30:00
13569	30672	79756	90314	38907	57688	49427	24059	99068	483460	2021-03-25 09:30:00
13680	30808	80197	90759	39145	58004	49626	24083	99786	486088	2021-03-26 09:30:00
13814	30933	80961	91243	39335	58346	49864	24103	100365	488964	2021-03-27 09:30:00
13915	31130	81680	91705	39525	58661	50023	24131	100849	491619	2021-03-28 09:30:00
13986	31287	82335	92218	39708	58955	50230	24165	101493	494377	2021-03-29 09:30:00
14086	31441	82976	92654	39989	59371	50501	24225	102573	497816	2021-03-30 09:30:00
14226	31599	83348	93151	40282	59791	50820	24307	103592	501116	2021-03-31 09:30:00
14333	31720	83586	93451	40562	60180	51050	24378	104469	503729	2021-04-01 09:30:00
14460	31879	83999	93937	40767	60572	51306	24430	105325	506675	2021-04-02 09:30:00
14571	32020	84443	94477	41019	60966	51589	24485	105980	509550	2021-04-03 09:30:00
14689	32177	85291	94980	41220	61277	51857	24524	106627	512642	2021-04-04 09:30:00
14796	32353	85977	95566	41386	61654	52060	24574	107718	516084	2021-04-05 09:30:00
14879	32353	86779	96035	41611	62087	52327	24616	108515	519202	2021-04-06 09:30:00
14989	32686	87548	96481	41856	62432	52610	24649	109523	522774	2021-04-07 09:30:00
15160	32780	88077	96804	42061	62744	52858	24653	110545	525682	2021-04-08 09:30:00
15325	32967	88716	97342	42267	63057	53128	24673	111716	529191	2021-04-09 09:30:00
15440	33181	89572	97825	42470	63406	53402	24720	112523	532539	2021-04-10 09:30:00
15542	33396	90373	98321	42649	63690	53592	24798	113437	535798	2021-04-11 09:30:00
15600	33565	91005	98740	42792	63978	53865	24855	114209	538609	2021-04-12 09:30:00
15701	33748	91646	99159	43025	64289	54113	24928	115177	541786	2021-04-13 09:30:00
15796	33881	92346	99561	43221	64638	54321	25010	116215	544989	2021-04-14 09:30:00
15927	34005	92967	99943	43390	64931	54488	25068	116885	547604	2021-04-15 09:30:00
16028	34157	93511	100255	43523	65192	54668	25137	117999	550470	2021-04-16 09:30:00
16103	34352	94052	100731	43650	65161	54857	25186	118527	552619	2021-04-17 09:30:00
16178	34519	94686	101219	43799	65406	55060	25273	119078	555218	2021-04-18 09:30:00
16235	34722	95149	101695	43937	65684	55208	25318	119519	557467	2021-04-19 09:30:00
16299	34894	95640	102176	44108	65968	55380	25378	120649	560492	2021-04-20 09:30:00
16401	35030	96080	102552	44279	66238	55551	25453	121672	563256	2021-04-21 09:30:00
16481	35152	96546	102906	44454	66487	55750	25536	122201	565513	2021-04-22 09:30:00
16552	35291	97003	103304	44598	66828	56002	25600	123035	568213	2021-04-23 09:30:00
16611	35477	97475	103782	44730	67109	56254	25699	123547	570684	2021-04-24 09:30:00
16702	35640	98016	104269	44845	67414	56443	25739	124087	573155	2021-04-25 09:30:00
16734	35765	98391	104688	44970	67656	56626	25781	124606	575217	2021-04-26 09:30:00
16785	35960	98739	105147	45126	68019	56817	25890	125494	577977	2021-04-27 09:30:00
16832	36098	99136	105504	45283	68230	57096	25995	126156	580330	2021-04-28 09:30:00
16886	36233	99497	105844	45419	68525	57291	26107	126773	582575	2021-04-29 09:30:00
16937	36375	99866	106185	45528	68810	57555	26171	127350	584777	2021-04-30 09:30:00
16992	36512	100242	106667	45680	69146	57793	26246	127837	587115	2021-05-01 09:30:00
17032	36638	100559	107131	45826	69491	57992	26358	128507	589534	2021-05-02 09:30:00
17077	36795	100834	107528	45970	69801	58208	26451	128861	591525	2021-05-03 09:30:00
17122	36936	101140	107923	46176	70084	58376	26545	129382	593684	2021-05-04 09:30:00
17157	37036	101480	108283	46309	70375	58584	26671	129982	595877	2021-05-05 09:30:00
17213	37124	101741	108577	46426	70785	58780	26804	130472	597922	2021-05-06 09:30:00
17256	37259	101979	108885	46584	71084	58918	26939	130950	599854	2021-05-07 09:30:00
17297	37406	102375	109222	46733	71401	59093	27050	131381	601958	2021-05-08 09:30:00
17331	37526	102728	109609	46837	71643	59357	27153	131717	603901	2021-05-09 09:30:00
17385	37633	102915	109958	46927	71877	59521	27332	131893	605441	2021-05-10 09:30:00
17419	37757	103205	110241	47089	72364	59701	27465	132471	607712	2021-05-11 09:30:00
17467	37841	103478	110533	47185	72646	59917	27668	132931	609666	2021-05-12 09:30:00
17511	37876	103689	110602	47324	72927	60081	27812	133432	611254	2021-05-13 09:30:00
17536	37960	103877	110821	47400	73103	60243	27941	133642	612523	2021-05-14 09:30:00
17560	38121	104144	111343	47504	73516	60376	28117	134122	614803	2021-05-15 09:30:00
17583	38202	104295	111579	47585	73806	60513	28247	134338	616148	2021-05-16 09:30:00
17604	38221	104515	111817	47650	74035	60622	28371	134472	617307	2021-05-17 09:30:00
17641	38310	104684	112001	47729	74276	60757	28500	134900	618798	2021-05-18 09:30:00
17670	38413	104876	112122	47780	74516	60844	28590	133981	618792	2021-05-19 09:30:00
17684	38450	105024	112272	47834	74694	60918	28627	134253	619756	2021-05-20 09:30:00
17716	38523	105157	112448	47891	74937	61070	28675	134420	620837	2021-05-21 09:30:00
17731	38603	105314	112648	47996	75138	61150	28777	134641	621998	2021-05-22 09:30:00
17740	38677	105473	112791	48040	75261	61252	28814	134841	622889	2021-05-23 09:30:00
17748	38702	105594	112935	48078	75379	61352	28887	134993	623668	2021-05-24 09:30:00
17779	38754	105687	113062	48118	75491	61447	28939	135272	624549	2021-05-25 09:30:00
17803	38790	105825	113161	48156	75747	61529	28998	135444	625453	2021-05-26 09:30:00
17811	38822	105920	113274	48198	75874	61599	29090	135671	626259	2021-05-27 09:30:00
17827	38822	106011	113392	48202	75995	61690	29152	135724	626815	2021-05-28 09:30:00
17837	38916	106143	113545	48231	76115	61777	29192	135916	627672	2021-05-29 09:30:00
17844	38957	106253	113657	48260	76224	61859	29232	136026	628312	2021-05-30 09:30:00
17861	38977	106327	113776	48281	76324	61943	29271	136096	628856	2021-05-31 09:30:00
17864	39023	106416	113862	48308	76427	62025	29502	136286	629713	2021-06-01 09:30:00
17868	39046	106533	113954	48272	76526	62067	29601	136407	630274	2021-06-02 09:30:00
17881	39061	106600	114018	48271	76598	62119	29656	136527	630731	2021-06-03 09:30:00
17884	39085	106666	114083	48278	76646	62162	29687	136647	631138	2021-06-04 09:30:00
17894	39109	106744	114192	48298	76707	62222	29705	135587	630458	2021-06-05 09:30:00
17900	39131	106815	114295	48310	76788	62255	29726	135722	630942	2021-06-06 09:30:00
17911	39141	106899	114391	48320	76803	62307	29726	135796	631294	2021-06-07 09:30:00
17918	39164	106976	114447	48341	76900	62355	29844	135924	631869	2021-06-08 09:30:00
17929	39187	107050	114509	48354	76906	62416	29897	135940	632188	2021-06-09 09:30:00
17933	39205	107154	114554	48372	76961	62476	29953	136052	632660	2021-06-10 09:30:00
17940	39223	107234	114608	48380	77015	62522	29984	136199	633105	2021-06-11 09:30:00
17943	39242	107293	114679	48398	77076	62577	30007	136323	633538	2021-06-12 09:30:00
17959	39264	107381	114722	48403	77129	62650	30041	136390	633939	2021-06-13 09:30:00
17961	39268	107444	114772	48404	77143	62700	30041	136390	634123	2021-06-14 09:30:00
17971	39280	107497	114806	48418	77182	62740	30130	136415	634439	2021-06-15 09:30:00
17966	39295	107568	114842	48432	77247	62772	30200	136578	634900	2021-06-16 09:30:00
17964	39306	107620	114888	48450	77277	62836	30228	136623	635192	2021-06-17 09:30:00
17971	39311	107673	114940	48457	77321	62895	30256	136720	635544	2021-06-18 09:30:00
17975	39325	107746	115001	48463	77387	62928	30278	136783	635886	2021-06-19 09:30:00
17978	39339	107811	115036	48468	77369	62961	30290	136873	636125	2021-06-20 09:30:00
17981	39348	107857	115069	48472	77381	63008	30290	136959	636365	2021-06-21 09:30:00
17983	39344	107899	115087	48485	77385	63027	30317	136996	636523	2021-06-22 09:30:00
17995	39330	107939	115104	48493	77404	63054	30327	137094	636740	2021-06-23 09:30:00
17995	39333	107981	115123	48502	77394	63071	30345	137179	636923	2021-06-24 09:30:00
17999	39338	108007	115117	48508	77331	63089	30371	137291	637051	2021-06-25 09:30:00
18000	39381	108032	115140	48516	77336	63094	30390	137349	637238	2021-06-26 09:30:00
18004	39384	108052	115154	48520	77340	63106	30396	137468	637424	2021-06-27 09:30:00
18008	39388	108071	115166	48526	77350	63112	30396	137528	637545	2021-06-28 09:30:00
18012	39360	108093	115169	48528	77353	63116	30413	137569	637613	2021-06-29 09:30:00
18016	39355	108121	115171	48529	77361	63121	30426	137650	637750	2021-06-30 09:30:00
18028	39346	108145	115177	48534	77368	63132	30432	137747	637909	2021-07-01 09:30:00
18030	39339	108162	115200	48538	77376	63140	30437	137810	638032	2021-07-02 09:30:00
18031	39340	108185	115219	48541	77378	63148	30440	137885	638167	2021-07-03 09:30:00
18036	39342	108246	115228	48545	77384	63153	30448	137937	638319	2021-07-04 09:30:00
18039	39343	108230	115244	48546	77387	63157	30448	137984	638378	2021-07-05 09:30:00
18049	39345	108244	115253	48549	77391	63170	30451	138004	638456	2021-07-06 09:30:00
18055	39340	108265	115262	48552	77398	63172	30456	138066	638566	2021-07-07 09:30:00
18062	39313	108274	115269	48558	77405	63176	30459	138102	638618	2021-07-08 09:30:00
18067	39306	108292	115279	48554	77407	63203	30461	138150	638719	2021-07-09 09:30:00
18069	39296	108305	115289	48555	77411	63202	30463	138224	638814	2021-07-10 09:30:00
18069	39296	108321	115298	48554	77415	63203	30466	138267	638889	2021-07-11 09:30:00
18069	39296	108334	115311	48555	77419	63208	30466	138307	638965	2021-07-12 09:30:00
18074	39293	108355	115320	48554	77422	63213	30473	138331	639035	2021-07-13 09:30:00
18079	39336	108365	115326	48555	77424	63221	30476	138372	639154	2021-07-14 09:30:00
18081	39337	108380	115335	48559	77433	63224	30482	138408	639239	2021-07-15 09:30:00
18081	39340	108403	115343	48558	77441	63236	30484	138466	639352	2021-07-16 09:30:00
18083	39346	108421	115366	48509	77446	63246	30485	138520	639422	2021-07-17 09:30:00
18084	39352	108448	115390	48543	77457	63250	30488	138561	639573	2021-07-18 09:30:00
18085	39370	108465	115417	48546	77465	63262	30488	138602	639700	2021-07-19 09:30:00
18086	39379	108485	115441	48551	77478	63273	30495	138643	639831	2021-07-20 09:30:00
18092	39381	108511	115463	48558	77507	63293	30503	138710	640018	2021-07-21 09:30:00
18092	39397	108531	115488	48564	77531	63312	30505	138782	640202	2021-07-22 09:30:00
18094	39409	108555	115527	48591	77560	63331	30514	138849	640430	2021-07-23 09:30:00
18096	39430	108597	115574	48616	77578	63355	30517	138922	640685	2021-07-24 09:30:00
18100	39449	108635	115607	48640	77615	63372	30525	139008	640951	2021-07-25 09:30:00
18103	39458	108669	115668	48666	77642	63408	30525	139083	641222	2021-07-26 09:30:00
18108	39466	108709	115729	48723	77668	63437	30537	139164	641541	2021-07-27 09:30:00
18111	39476	108750	115763	48777	77699	63467	30563	139274	641880	2021-07-28 09:30:00
18118	39489	108797	115811	48811	77759	63494	30566	139384	642229	2021-07-29 09:30:00
18122	39511	108838	115865	48861	77788	63531	30584	139497	642597	2021-07-30 09:30:00
18124	39549	108876	115940	48915	77831	63573	30603	139616	643027	2021-07-31 09:30:00
18128	39567	108913	115993	48960	77866	63611	30631	139718	643387	2021-08-01 09:30:00
18128	39586	108955	116064	48986	77891	63645	30631	139808	643694	2021-08-02 09:30:00
18133	39605	108993	116115	49050	77950	63672	30661	139859	644038	2021-08-03 09:30:00
18143	39624	109024	116153	49101	77990	63697	30678	139978	644388	2021-08-04 09:30:00
18150	39642	109074	116205	49161	78043	63775	30700	140090	644840	2021-08-05 09:30:00
18151	39679	109123	116278	49206	78090	63808	30745	140192	645272	2021-08-06 09:30:00
18164	39697	109198	116370	49236	78148	63828	30753	140300	645694	2021-08-07 09:30:00
18170	39730	109275	116455	49256	78207	63868	30763	140419	646143	2021-08-08 09:30:00
18174	39754	109327	116530	49278	78257	63896	30763	140506	646485	2021-08-09 09:30:00
18196	39786	109389	116616	49322	78306	63936	30803	140583	646937	2021-08-10 09:30:00
18204	39809	109469	116680	49376	78363	63987	30841	140743	647472	2021-08-11 09:30:00
18211	39830	109526	116732	49409	78418	64028	30855	140874	647883	2021-08-12 09:30:00
18219	39881	109593	116820	49452	78459	64097	30871	141028	648420	2021-08-13 09:30:00
18222	39900	109684	116910	49484	78515	64161	30905	141185	648966	2021-08-14 09:30:00
18230	39925	109752	116973	49513	78565	64212	30936	141311	649417	2021-08-15 09:30:00
18233	39955	109807	117073	49543	78606	64294	30936	141418	649865	2021-08-16 09:30:00
18242	39992	109877	117172	49597	78660	64403	30970	141495	650408	2021-08-17 09:30:00
18247	40017	109953	117270	49645	78721	64414	31015	141649	650931	2021-08-18 09:30:00
18259	40041	110040	117390	49701	78776	64520	31041	141792	651560	2021-08-19 09:30:00
18266	40095	110105	117509	49766	78840	64605	31077	141917	652180	2021-08-20 09:30:00
18280	40135	110214	117684	49834	78920	64624	31123	142082	652896	2021-08-21 09:30:00
18299	40178	110268	117826	49876	78998	64697	31191	142231	653564	2021-08-22 09:30:00
18309	40211	110405	118000	49940	79095	64839	31191	142365	654355	2021-08-23 09:30:00
18333	40246	110522	118175	50033	79192	64933	31279	142474	655187	2021-08-24 09:30:00
18340	40291	110656	118340	50095	79292	64949	31327	142726	656016	2021-08-25 09:30:00
18381	40318	110800	118495	50158	79414	65093	31374	142980	657013	2021-08-26 09:30:00
18385	40363	110952	118686	50221	79527	65187	31409	143264	657994	2021-08-27 09:30:00
18408	40396	111137	118968	50285	79672	65200	31448	143539	659053	2021-08-28 09:30:00
18422	40446	111341	119223	50347	79784	65283	31448	143804	660098	2021-08-29 09:30:00
18434	40497	111466	119513	50407	79895	65369	31564	144044	661189	2021-08-30 09:30:00
18461	40550	111651	119771	50498	79979	65544	31615	144261	662330	2021-08-31 09:30:00
18507	40599	111823	119970	50583	80119	65629	31647	144584	663461	2021-09-01 09:30:00
18524	40647	111964	120129	50665	80283	65729	31734	144907	664582	2021-09-02 09:30:00
18534	40707	112179	120430	50775	80419	65809	31813	145228	665894	2021-09-03 09:30:00
18552	40758	112381	120816	50837	80547	65815	31861	145587	667154	2021-09-04 09:30:00
18570	40804	112590	121141	50907	80631	65907	31861	145987	668398	2021-09-05 09:30:00
18590	40872	112811	121442	50981	80697	65984	31939	146306	669622	2021-09-06 09:30:00
18618	40872	112969	121442	51112	80938	66127	32000	146523	670601	2021-09-07 09:30:00
18653	40777	113181	122023	51245	81027	66262	32080	146897	672145	2021-09-08 09:30:00
18688	40828	113345	122299	51355	81206	66270	32165	147299	673455	2021-09-09 09:30:00
18714	40857	113541	122602	51458	81351	66429	32235	147873	675060	2021-09-10 09:30:00
18733	40923	113804	122942	51578	81518	66441	32291	148206	676436	2021-09-11 09:30:00
18757	40978	114059	123283	51666	81680	66539	32290	148630	677882	2021-09-12 09:30:00
18781	41038	114248	123649	51757	81778	66763	32420	149046	679480	2021-09-13 09:30:00
18837	41105	114555	124079	51898	81941	66804	32499	149296	681014	2021-09-14 09:30:00
18876	41193	114792	124437	52033	82108	67026	32569	149937	682971	2021-09-15 09:30:00
18931	41269	115035	124805	52123	82244	67075	32632	150434	684548	2021-09-16 09:30:00
18983	41334	115327	125212	52241	82440	67254	32695	150838	686324	2021-09-17 09:30:00
19020	41416	115706	125646	52371	82605	67279	32764	151208	688015	2021-09-18 09:30:00
19053	41503	116013	126084	52501	82782	67401	32764	151826	689927	2021-09-19 09:30:00
19096	41546	116425	126474	52606	82941	67504	32856	152243	691691	2021-09-20 09:30:00
19146	41635	116762	126860	52779	83129	67649	32935	152705	693600	2021-09-21 09:30:00
19195	41720	117234	127289	52944	83333	67761	33025	153268	695769	2021-09-22 09:30:00
19266	41822	117582	127637	53107	83557	67908	33118	154045	698042	2021-09-23 09:30:00
19295	41903	117926	128072	53244	83772	67967	33167	154784	700130	2021-09-24 09:30:00
19338	42015	118425	128541	53387	83968	68020	33240	155409	702343	2021-09-25 09:30:00
19380	42096	118791	128981	53503	84157	68125	33240	155409	703682	2021-09-26 09:30:00
19406	42209	119137	129409	53614	84271	68264	33383	155409	705102	2021-09-27 09:30:00
19436	42268	119395	129921	53686	84477	68426	33479	156772	707860	2021-09-28 09:30:00
19485	42357	119786	130245	53853	84679	68462	33538	157664	710069	2021-09-29 09:30:00
19521	42452	120086	130505	53976	84866	68543	33609	158286	711844	2021-09-30 09:30:00
19539	42519	120376	130853	54117	85066	68685	33656	158951	713762	2021-10-01 09:30:00
19539	42519	120376	130853	54117	85066	68685	33656	158951	713762	2021-10-01 10:30:00
19569	42586	120675	131309	54233	85206	68718	33718	158951	714965	2021-10-02 09:30:00
19607	42660	120931	131707	54318	85348	68839	33718	159963	717091	2021-10-03 09:30:00
19626	42764	121218	132105	54392	85511	69016	33820	160427	718879	2021-10-04 09:30:00
19656	42861	121489	132553	54508	85792	69068	33902	160758	720587	2021-10-05 09:30:00
19681	42933	121847	132983	54676	85990	69191	33947	161338	722586	2021-10-06 09:30:00
19702	43028	122051	133364	54772	86173	69332	33984	161749	724155	2021-10-07 09:30:00
19732	43126	122341	133750	54918	86363	69424	34058	162230	725942	2021-10-08 09:30:00
19775	43248	122666	134322	55064	86618	69494	34104	162896	728187	2021-10-09 09:30:00
19807	43355	122948	134776	55158	86938	69590	34104	163344	730020	2021-10-10 09:30:00
19820	43480	123183	135118	55283	87148	69708	34228	163730	731698	2021-10-11 09:30:00
19881	43571	123458	135617	55432	87320	69824	34279	164055	733437	2021-10-12 09:30:00
19935	43709	123801	135986	55544	87601	70009	34310	164670	735565	2021-10-13 09:30:00
19991	43812	123992	136345	55663	87769	70107	34347	165144	737170	2021-10-14 09:30:00
20011	43930	124230	136796	55834	88042	70203	34393	165585	739024	2021-10-15 09:30:00
20049	44011	124555	137337	55953	88350	70260	34434	165961	740910	2021-10-16 09:30:00
20073	44146	124826	137752	56040	88540	70366	34434	166284	742461	2021-10-17 09:30:00
20091	44259	125151	138232	56137	88862	70422	34509	166665	744328	2021-10-18 09:30:00
20142	44392	125458	138614	56312	89064	70524	34534	166859	745899	2021-10-19 09:30:00
20175	44496	125839	139041	56476	89283	70719	34575	167646	748250	2021-10-20 09:30:00
20208	44627	126079	139281	56655	89590	70840	34606	168048	749934	2021-10-21 09:30:00
20284	44745	126472	139850	56838	89813	70897	34649	168446	751994	2021-10-22 09:30:00
20315	44871	126915	140430	56972	90102	71066	34688	168713	754072	2021-10-23 09:30:00
20345	44967	127346	140964	57128	90371	71187	34724	169089	756121	2021-10-24 09:30:00
20375	45072	127717	141555	57234	90670	71365	34780	169353	758121	2021-10-25 09:30:00
20439	45198	128092	142220	57475	90986	71539	34832	169555	760336	2021-10-26 09:30:00
20479	45275	128657	142798	57602	91287	71774	34832	170023	762727	2021-10-27 09:30:00
20541	45490	129142	143380	57909	91662	71977	34920	170364	765385	2021-10-28 09:30:00
20590	45592	129663	144099	58150	91968	72154	34975	170828	768019	2021-10-29 09:30:00
20655	45784	130388	145168	58361	92330	72319	35042	171108	771155	2021-10-30 09:30:00
20710	45952	131019	146225	58519	92703	72535	35134	171519	774316	2021-10-31 09:30:00
20736	46139	131688	146958	58611	93183	72731	35190	171831	777067	2021-11-01 09:30:00
20793	46313	132353	147844	58829	93499	72984	35270	172168	780053	2021-11-02 09:30:00
20909	46488	133118	148701	59293	94009	73308	35394	172868	784088	2021-11-03 09:30:00
20995	46720	133983	149612	59721	94312	73609	35528	173357	787837	2021-11-04 09:30:00
21058	46955	134538	150557	60061	94652	73949	35635	173875	791280	2021-11-05 09:30:00
21157	47204	135713	151809	60497	95043	74334	35691	174387	795835	2021-11-06 09:30:00
21223	47533	136412	153064	60768	95584	74574	35804	174877	799839	2021-11-07 09:30:00
21296	47872	137047	154710	60998	96028	74836	35923	175293	804003	2021-11-08 09:30:00
21410	48140	138415	156204	61574	96393	75065	36109	175674	808984	2021-11-09 09:30:00
21539	48338	139418	157752	61947	97087	75339	36369	176198	813987	2021-11-10 09:30:00
21699	48734	140653	159237	62214	97736	75441	36534	176617	818865	2021-11-11 09:30:00
21859	49017	141887	160812	62825	98285	75632	36800	177473	824590	2021-11-12 09:30:00
22016	49276	143229	162699	63461	98884	76157	36892	178217	830831	2021-11-13 09:30:00
22189	49472	144273	164504	63679	99715	76411	37029	178781	836053	2021-11-14 09:30:00
22355	49784	145972	167161	64161	100234	76671	37143	179453	842934	2021-11-15 09:30:00
22526	50193	147659	169550	64784	101075	77804	37248	180087	850926	2021-11-16 09:30:00
22769	50365	149698	171846	64980	101899	78397	37525	180844	858323	2021-11-17 09:30:00
22973	50747	151332	174100	65976	102944	79263	37983	182283	867601	2021-11-18 09:30:00
23238	51176	152885	176419	66960	103838	80130	38267	183569	876482	2021-11-19 09:30:00
23450	51652	154342	179513	67788	104657	81440	38615	184679	886136	2021-11-20 09:30:00
23697	52063	156129	182310	68503	105381	82411	38846	185814	895154	2021-11-21 09:30:00
23924	52685	158207	185387	69077	106504	83623	39258	186728	905393	2021-11-22 09:30:00
24133	53406	160780	188466	71926	107793	84421	39686	187755	918366	2021-11-23 09:30:00
24435	54191	163244	191728	73431	109097	85748	39970	189330	931174	2021-11-24 09:30:00
24735	55023	165427	195458	74777	110453	87000	40734	190566	944173	2021-11-25 09:30:00
25092	56010	167410	198507	75784	111863	88285	41540	191997	956488	2021-11-26 09:30:00
25457	56920	167582	202947	77118	113152	89769	41886	193354	968185	2021-11-27 09:30:00
25686	57778	172159	206511	77869	114435	90576	42536	194742	982292	2021-11-28 09:30:00
26066	58848	173798	209848	78692	115784	92200	42939	195916	994091	2021-11-29 09:30:00
26537	59947	176162	213235	80758	117215	93436	43510	197109	1007909	2021-11-30 09:30:00
26864	61446	178742	216407	82505	119088	94799	43764	199046	1022661	2021-12-01 09:30:00
27152	62877	180734	219630	84080	120676	95922	44454	201028	1036553	2021-12-02 09:30:00
27341	64079	182706	222669	85370	122074	97062	45113	203637	1050051	2021-12-03 09:30:00
27569	65216	185109	225896	86426	123958	98213	45594	205503	1063484	2021-12-04 09:30:00
27814	66299	187287	228778	87481	125170	99438	46163	207052	1075482	2021-12-05 09:30:00
28116	67646	189146	231331	88380	126983	100506	46643	208382	1087133	2021-12-06 09:30:00
28326	68847	190896	233746	89966	128482	102008	46982	209034	1098287	2021-12-07 09:30:00
28458	69854	192999	235634	90972	130295	103201	47512	211047	1109972	2021-12-08 09:30:00
28750	70896	194749	237376	91643	131409	104421	48172	212450	1119866	2021-12-09 09:30:00
28920	71802	196318	238968	92785	132713	105500	48566	213866	1129438	2021-12-10 09:30:00
29064	72819	197851	240734	93437	133935	106439	49266	215177	1138722	2021-12-11 09:30:00
29208	73585	199340	242222	93890	134849	107370	50133	216260	1146857	2021-12-12 09:30:00
29415	74326	200693	243591	94271	135761	108197	50935	217003	1154192	2021-12-13 09:30:00
29571	75237	201685	242632	95364	136920	108984	51868	217937	1160198	2021-12-14 09:30:00
29710	75929	202848	243969	95942	137890	109667	52456	219402	1167813	2021-12-15 09:30:00
29811	76451	203897	245172	96406	138832	110323	53594	220429	1174915	2021-12-16 09:30:00
29989	77123	204679	246010	96753	139555	110951	54192	221353	1180605	2021-12-17 09:30:00
30086	77718	205680	246874	97103	140418	111446	55133	222141	1186599	2021-12-18 09:30:00
30173	78275	206558	247771	97358	141085	111906	55501	222903	1191530	2021-12-19 09:30:00
30231	78709	207166	248501	97573	141668	112309	56623	223515	1196295	2021-12-20 09:30:00
30328	79048	207876	249404	97956	142407	112874	57482	224084	1201459	2021-12-21 09:30:00
30425	79495	208582	250371	98261	143062	113214	57981	225133	1206524	2021-12-22 09:30:00
30483	79913	209196	251243	98498	143628	113715	58960	225676	1211312	2021-12-23 09:30:00
30542	80209	209783	251945	98777	144081	114210	59318	226102	1214967	2021-12-24 09:30:00
30588	80535	210346	252729	98940	144481	114510	59532	226944	1218605	2021-12-25 09:30:00
30639	80753	210918	253025	99097	144865	114853	59842	227441	1221433	2021-12-26 09:30:00
30693	80944	211408	253164	99187	145260	115133	59910	227929	1223628	2021-12-27 09:30:00
30717	81105	211807	253748	99447	145584	115457	60141	228419	1226425	2021-12-28 09:30:00
30825	81240	212264	254103	99622	145930	115836	60366	229261	1229447	2021-12-29 09:30:00
30872	81434	212683	254683	99770	146249	116194	60646	229695	1232226	2021-12-30 09:30:00
30915	81587	213079	254951	99903	146498	116561	60879	230336	1234709	2021-12-31 09:30:00
30969	81724	213460	255488	100011	146734	116887	61058	230730	1237061	2022-01-01 09:30:00
31004	81888	213860	255623	100109	146999	117111	61152	231165	1238911	2022-01-02 09:30:00
31039	81990	214176	255966	100176	147254	117405	61317	231417	1240740	2022-01-03 09:30:00
31078	82119	214461	256308	100392	147475	117818	61371	231757	1242779	2022-01-04 09:30:00
31129	82207	214821	256492	100560	147720	118290	61627	232448	1245294	2022-01-05 09:30:00
31165	82342	215284	257006	100685	147962	118674	61804	232830	1247752	2022-01-06 09:30:00
31215	82547	215708	257518	100853	148207	119008	61964	233547	1250567	2022-01-07 09:30:00
31265	82656	216190	257843	101067	148490	119341	62107	234116	1253075	2022-01-08 09:30:00
31318	82779	216703	258390	101328	148887	119698	62208	234505	1255816	2022-01-09 09:30:00
31377	82922	217245	259419	101610	149208	120267	62354	234921	1259323	2022-01-10 09:30:00
31464	83091	218005	259632	102166	149675	120983	62599	235628	1263243	2022-01-11 09:30:00
31588	83279	218857	260854	102695	150123	121646	62745	236530	1268317	2022-01-12 09:30:00
31670	83585	219700	261984	103419	150643	122604	62850	237429	1273884	2022-01-13 09:30:00
31760	83869	220645	262496	104274	151233	123900	63140	238409	1279726	2022-01-14 09:30:00
31839	84135	222084	264353	105308	152054	125559	63303	239556	1288191	2022-01-15 09:30:00
31969	84465	223263	266004	106762	152829	126420	63727	240299	1295738	2022-01-16 09:30:00
32113	84894	225089	267785	107436	153520	127891	64115	241160	1304003	2022-01-17 09:30:00
32282	85363	226794	269366	108731	154141	130272	64434	242746	1314129	2022-01-18 09:30:00
32459	85932	228396	272594	110551	155318	132281	64875	245934	1328340	2022-01-19 09:30:00
